Source File	Size	loadResources	load	generateSnapshots	load-configure	scan	loadDepInfo	loadInfo	checkR4R4B	generateNarratives	validate	loadLists	checkConformanceResources	checkConformanceResources2	checkConformanceResources3	generateLogicalMaps	validateExpressions	scanForUsageStats	checkURLsUnique	processProvenanceDetails	translate	generate1	generate2	generateLogicals	makeDependencies	generateExampleZip	generateValidationPack	scanProfilesForR5	scanExamplesForR5
/fsh-generated/resources/ImplementationGuide-ans.fhir.fr.hubsante.json	27081	-	0	0	0	0	0	0	24	74	0	0	0	0	0	0	0	1	0	0	29	127	198	0	0	0	11	0	1
fsh-generated/resources/CodeSystem-cs-caller-communication.json	1035	5	0	0	1	0	0	0	1	6	0	0	1	0	0	0	0	0	0	0	8	10	537	0	1	0	1	0	0
fsh-generated/resources/CodeSystem-cs-caller-type.json	2496	3	0	0	0	0	0	0	1	9	0	0	0	0	0	0	0	0	0	0	8	16	67	0	0	0	1	0	0
fsh-generated/resources/CodeSystem-cs-case-attribution.json	3485	3	0	0	0	0	0	0	1	9	0	0	0	0	0	0	0	0	0	0	7	20	64	0	0	0	2	0	0
fsh-generated/resources/CodeSystem-cs-case-priority.json	670	3	0	0	0	0	0	0	0	5	0	0	0	0	0	0	0	0	0	0	7	7	33	0	0	0	0	0	0
fsh-generated/resources/CodeSystem-cs-case-status.json	815	3	0	0	0	0	0	0	1	4	0	0	1	0	0	0	0	0	0	0	6	6	31	0	0	0	1	0	0
fsh-generated/resources/CodeSystem-cs-contact-channel.json	810	3	0	0	1	0	0	0	0	5	0	0	0	0	0	0	0	1	0	0	6	8	30	0	0	0	1	0	0
fsh-generated/resources/CodeSystem-cs-contact-type.json	833	2	0	0	0	0	0	0	0	4	0	0	0	0	0	0	0	0	0	0	6	7	32	0	0	0	0	0	0
fsh-generated/resources/CodeSystem-cs-coord-precision.json	732	3	0	0	0	0	0	0	0	3	0	0	1	0	0	0	0	0	0	0	5	7	30	0	0	0	1	0	0
fsh-generated/resources/CodeSystem-cs-decision-type.json	756	3	0	0	0	0	0	0	1	3	0	0	0	0	0	0	0	0	0	0	6	7	26	0	0	0	0	0	0
fsh-generated/resources/CodeSystem-cs-external-id-source.json	733	2	0	0	0	0	0	0	0	3	0	0	0	0	0	0	0	0	0	0	4	8	26	0	0	0	1	0	0
fsh-generated/resources/CodeSystem-cs-external-info-type.json	734	3	0	0	0	0	0	0	0	3	0	0	1	0	0	0	0	0	0	0	5	7	25	0	0	0	0	0	0
fsh-generated/resources/CodeSystem-cs-external-location-id-source.json	839	2	0	0	0	0	0	0	1	3	0	0	0	0	0	0	0	0	0	0	5	7	25	0	0	0	1	0	0
fsh-generated/resources/CodeSystem-cs-intervention-type.json	836	3	0	0	0	0	0	0	0	3	0	0	0	0	0	0	0	0	0	0	5	7	22	0	0	0	0	0	0
fsh-generated/resources/CodeSystem-cs-operator-role.json	1005	3	0	0	0	0	0	0	0	2	0	0	0	0	0	0	0	0	0	0	5	7	24	0	0	0	1	0	0
fsh-generated/resources/CodeSystem-cs-orientation-type.json	875	3	0	0	0	0	0	0	0	3	0	0	1	0	0	0	0	0	0	0	5	8	22	0	0	0	0	0	0
fsh-generated/resources/CodeSystem-cs-patient-care-level.json	652	3	0	0	0	0	0	0	1	4	0	0	0	0	0	0	0	0	0	0	6	6	22	0	0	0	1	0	0
fsh-generated/resources/CodeSystem-cs-perimeter.json	678	3	0	0	0	0	0	0	0	2	0	0	0	0	0	0	0	0	0	0	5	7	21	0	0	0	0	0	0
fsh-generated/resources/CodeSystem-cs-qualification-origin.json	1672	3	0	0	0	0	0	0	0	6	0	0	1	0	0	0	0	0	0	0	6	10	25	0	0	0	1	0	0
fsh-generated/resources/CodeSystem-cs-resource-type.json	2980	3	0	0	0	0	0	0	1	5	0	0	0	0	0	0	0	0	0	0	7	16	30	0	0	0	2	0	0
fsh-generated/resources/CodeSystem-cs-sex.json	555	2	0	0	0	0	0	0	0	2	0	0	0	0	0	0	0	0	0	0	6	8	19	0	0	0	0	0	0
fsh-generated/resources/StructureDefinition-lm-access.json	3645	4	0	12	0	0	0	0	0	58	0	0	1	0	0	0	0	0	0	0	2	45	558	0	0	0	3	0	0
fsh-generated/resources/StructureDefinition-lm-additional-information.json	1477	3	0	15	0	0	0	0	0	8	0	0	0	0	0	0	0	1	0	0	0	19	86	0	0	0	1	0	0
fsh-generated/resources/StructureDefinition-lm-administrative-file.json	1873	2	0	20	1	0	0	0	0	9	0	0	0	0	0	0	0	0	0	0	1	25	100	0	0	0	1	0	0
fsh-generated/resources/StructureDefinition-lm-alert.json	1944	2	0	51	0	0	0	0	0	7	0	0	0	0	0	0	0	0	0	0	0	29	89	0	0	0	1	0	1
fsh-generated/resources/StructureDefinition-lm-caller.json	3818	2	0	15	0	0	0	0	0	11	0	0	1	0	0	0	0	0	0	0	1	45	99	0	0	0	2	0	0
fsh-generated/resources/StructureDefinition-lm-case-details.json	2800	2	0	21	0	0	0	0	0	6	0	0	0	0	0	0	0	0	0	0	1	33	88	0	0	0	2	0	0
fsh-generated/resources/StructureDefinition-lm-city.json	1334	3	0	20	0	0	0	0	0	5	0	0	0	0	0	0	0	0	0	0	1	21	62	0	0	0	1	0	0
fsh-generated/resources/StructureDefinition-lm-contact.json	2078	3	0	17	0	0	0	0	0	6	0	0	0	0	0	0	0	0	0	0	0	27	56	0	0	0	2	0	0
fsh-generated/resources/StructureDefinition-lm-coord.json	2215	3	0	21	0	0	0	0	0	9	0	0	1	0	0	0	0	0	0	0	1	27	61	0	0	0	1	0	0
fsh-generated/resources/StructureDefinition-lm-create-case-health.json	6808	3	0	21	0	0	0	0	0	15	0	0	0	0	0	0	0	0	0	0	1	61	82	0	0	0	4	0	0
fsh-generated/resources/StructureDefinition-lm-custom-map.json	2177	3	0	18	0	0	0	0	0	9	0	0	0	0	0	0	0	1	0	0	1	27	54	0	0	0	1	0	0
fsh-generated/resources/StructureDefinition-lm-decision.json	4216	3	0	19	0	0	0	0	0	10	0	0	1	0	0	0	0	0	0	0	1	42	66	0	0	0	2	0	0
fsh-generated/resources/StructureDefinition-lm-destination.json	1642	3	0	18	0	0	0	0	0	5	0	0	0	0	0	0	0	0	0	0	1	21	43	0	0	0	2	0	0
fsh-generated/resources/StructureDefinition-lm-detailed-address.json	2373	3	0	18	0	0	0	0	0	6	0	0	0	0	0	0	0	0	0	0	0	27	46	0	0	0	1	0	0
fsh-generated/resources/StructureDefinition-lm-detailed-name.json	2099	3	0	19	0	0	0	0	0	5	0	0	0	0	0	0	0	0	0	0	1	29	50	0	0	0	1	0	0
fsh-generated/resources/StructureDefinition-lm-external-id.json	1631	3	0	19	0	0	0	0	0	5	0	0	1	0	0	0	0	0	0	0	1	24	48	0	0	0	2	0	0
fsh-generated/resources/StructureDefinition-lm-external-info.json	2027	3	0	20	0	0	0	0	0	6	0	0	0	0	0	0	0	0	0	0	0	27	45	0	0	0	1	0	0
fsh-generated/resources/StructureDefinition-lm-external-location-id.json	1894	2	0	20	0	0	0	0	0	4	0	0	0	0	0	0	0	0	0	0	1	24	45	0	0	0	1	0	0
fsh-generated/resources/StructureDefinition-lm-general-practitioner.json	2004	1	0	19	0	0	0	0	0	6	0	0	1	0	0	0	0	0	0	0	0	25	42	0	0	0	2	0	1
fsh-generated/resources/StructureDefinition-lm-geometry.json	1502	2	0	18	0	0	0	0	0	5	0	0	0	0	0	0	0	0	0	0	1	21	38	0	0	0	1	0	0
fsh-generated/resources/StructureDefinition-lm-health-motive.json	1567	1	0	18	0	0	0	0	0	4	0	0	0	0	0	0	0	0	0	0	1	22	43	0	0	0	1	0	0
fsh-generated/resources/StructureDefinition-lm-highway.json	1754	2	0	8	0	0	0	0	0	4	0	0	1	0	0	0	0	0	0	0	0	24	53	0	0	0	1	0	0
fsh-generated/resources/StructureDefinition-lm-hypothesis.json	1764	2	0	4	0	0	0	0	0	5	0	0	0	0	0	0	0	0	0	0	1	22	50	0	0	0	1	0	0
fsh-generated/resources/StructureDefinition-lm-identity.json	1742	2	0	4	1	0	0	0	0	5	0	0	0	0	0	0	0	0	0	0	0	22	53	0	0	0	2	0	0
fsh-generated/resources/StructureDefinition-lm-ins-strict-features.json	2110	2	0	4	0	0	0	0	0	5	0	0	1	0	0	0	0	0	0	0	1	25	67	0	0	0	1	0	0
fsh-generated/resources/StructureDefinition-lm-location-kind.json	1562	2	0	7	0	0	0	0	0	6	0	0	0	0	0	0	0	0	0	0	0	20	75	0	0	0	1	0	0
fsh-generated/resources/StructureDefinition-lm-location.json	3995	3	0	7	0	0	0	0	0	8	0	0	1	0	0	0	0	1	0	0	1	40	69	0	0	0	3	0	0
fsh-generated/resources/StructureDefinition-lm-main-diagnosis.json	1710	2	0	7	0	0	0	0	0	5	0	0	0	0	0	0	0	0	0	0	1	22	52	0	0	0	1	0	0
fsh-generated/resources/StructureDefinition-lm-medical-note.json	3089	2	0	7	0	0	0	0	0	7	0	0	0	0	0	0	0	0	0	0	1	31	59	0	0	0	1	1	0
fsh-generated/resources/StructureDefinition-lm-notes.json	1365	2	0	6	0	0	0	0	0	4	0	0	1	0	0	0	0	0	0	0	0	27	51	0	0	0	2	0	0
fsh-generated/resources/StructureDefinition-lm-operator.json	1822	1	0	7	0	0	0	0	0	5	0	0	0	0	0	0	0	0	0	1	1	30	52	0	0	0	4	0	0
fsh-generated/resources/StructureDefinition-lm-other-diagnosis.json	1724	2	0	6	0	0	0	0	0	6	0	0	0	0	0	0	0	0	0	0	0	29	54	0	0	0	1	0	0
fsh-generated/resources/StructureDefinition-lm-patient-detail.json	3094	2	0	7	0	0	0	0	0	6	0	0	1	0	0	0	0	0	0	0	1	48	63	0	0	0	2	0	0
fsh-generated/resources/StructureDefinition-lm-patient.json	3075	2	0	7	0	0	0	0	0	6	0	0	0	0	0	0	0	0	0	0	1	40	57	0	0	0	2	0	0
fsh-generated/resources/StructureDefinition-lm-personal-contact.json	1762	3	0	7	0	0	0	0	0	6	0	0	0	0	0	0	0	0	0	0	1	29	51	0	0	0	1	0	0
fsh-generated/resources/StructureDefinition-lm-point.json	1563	2	0	5	0	0	0	0	0	7	0	0	1	0	0	0	0	0	0	0	0	24	50	0	0	0	1	0	0
fsh-generated/resources/StructureDefinition-lm-qualification.json	3585	2	0	4	0	0	0	0	0	12	0	0	0	0	0	0	0	0	0	0	1	40	60	0	0	0	2	0	0
fsh-generated/resources/StructureDefinition-lm-risk-threat.json	1556	3	0	4	0	0	0	0	0	4	0	0	0	0	0	0	0	0	0	0	1	20	51	0	0	0	2	0	1
fsh-generated/resources/StructureDefinition-lm-way-name.json	1695	1	0	3	0	0	0	0	0	5	0	0	1	0	0	0	0	0	0	0	0	26	54	0	0	0	1	0	0
fsh-generated/resources/StructureDefinition-lm-whats-happen.json	1594	2	0	4	0	0	0	0	0	5	0	0	0	0	0	0	0	0	0	0	1	20	51	0	0	0	1	0	0
fsh-generated/resources/ValueSet-vs-caller-communication.json	513	2	0	0	0	0	0	0	1	29	0	0	0	0	0	0	0	0	0	0	7	7	51	0	0	0	1	0	0
fsh-generated/resources/ValueSet-vs-caller-type.json	449	1	0	0	0	0	0	0	0	3	0	0	0	0	0	0	0	0	0	0	5	6	30	0	0	0	0	0	0
fsh-generated/resources/ValueSet-vs-case-attribution.json	497	2	0	0	0	0	0	0	0	4	0	0	0	0	0	0	0	0	0	0	7	6	32	0	0	0	0	0	0
fsh-generated/resources/ValueSet-vs-case-priority.json	476	2	0	0	0	0	0	0	0	2	0	0	0	0	0	0	0	0	0	0	6	6	23	0	0	0	0	0	0
fsh-generated/resources/ValueSet-vs-case-status.json	452	2	0	0	0	0	0	0	0	3	0	0	0	0	0	0	0	0	0	0	6	7	24	0	0	0	1	0	0
fsh-generated/resources/ValueSet-vs-contact-channel.json	465	1	0	0	0	0	0	0	0	2	0	0	0	0	0	0	0	0	0	0	6	5	25	0	0	0	0	0	0
fsh-generated/resources/ValueSet-vs-contact-type.json	466	2	0	0	0	0	0	0	0	3	0	0	0	0	0	0	0	0	0	0	6	5	26	0	0	0	0	0	0
fsh-generated/resources/ValueSet-vs-coord-precision.json	514	2	0	0	0	0	0	0	0	3	0	0	0	0	0	0	0	0	0	0	5	6	23	0	0	0	0	0	0
fsh-generated/resources/ValueSet-vs-decision-type.json	493	1	0	0	0	0	0	0	1	4	0	0	0	0	0	0	0	0	0	0	6	5	23	0	0	0	1	0	0
fsh-generated/resources/ValueSet-vs-external-id-source.json	526	2	0	0	0	0	0	0	0	4	0	0	0	0	0	0	0	0	0	0	4	6	23	0	0	0	0	0	0
fsh-generated/resources/ValueSet-vs-external-info-type.json	509	2	0	0	0	0	0	0	0	4	0	0	0	0	0	0	0	1	0	0	5	6	24	0	0	0	0	0	0
fsh-generated/resources/ValueSet-vs-external-location-id-source.json	576	2	0	0	0	0	0	0	0	3	0	0	0	0	0	0	0	0	0	0	5	5	23	0	0	0	1	0	0
fsh-generated/resources/ValueSet-vs-intervention-type.json	480	1	0	0	1	0	0	0	0	3	0	0	0	0	0	0	0	0	0	0	4	6	23	0	0	0	0	0	0
fsh-generated/resources/ValueSet-vs-operator-role.json	523	2	0	0	0	0	0	0	0	2	0	0	0	0	0	0	0	0	0	0	5	6	23	0	0	0	0	0	0
fsh-generated/resources/ValueSet-vs-orientation-type.json	497	4	0	0	0	0	0	0	0	3	0	0	0	0	0	0	0	0	0	0	5	5	24	0	0	0	0	0	0
fsh-generated/resources/ValueSet-vs-patient-care-level.json	530	2	0	0	0	0	0	0	0	2	0	0	0	0	0	0	0	0	0	0	5	5	22	0	0	0	1	0	0
fsh-generated/resources/ValueSet-vs-perimeter.json	481	2	0	0	0	0	0	0	0	2	0	0	0	0	0	0	0	0	0	0	4	7	22	0	0	0	0	0	0
fsh-generated/resources/ValueSet-vs-qualification-origin.json	537	1	0	0	0	0	0	0	0	3	0	0	0	0	0	0	0	0	0	0	5	7	24	0	0	0	0	0	0
fsh-generated/resources/ValueSet-vs-resource-type.json	512	2	0	0	0	0	0	0	0	2	0	0	0	0	0	0	0	0	0	0	5	6	25	0	0	0	0	0	0
fsh-generated/resources/ValueSet-vs-sex.json	401	2	0	0	0	0	0	0	0	2	0	0	0	0	0	0	0	0	0	0	5	5	21	0	0	0	1	0	0
/fsh-generated/includes/menu.xml	2789	-	-	-	0	0	0	0	0	0	0	0	0	0	0	0	0	0	0	0	0	0	1	0	0	0	0	0	0
/fsh-generated/includes/fsh-link-references.md	4624	-	-	-	0	0	0	0	0	0	0	0	0	0	0	0	0	0	0	0	0	0	0	0	0	0	0	0	0
/input/data/features.yml	164	-	-	-	0	0	0	0	0	0	0	0	0	0	0	0	0	0	0	0	0	0	0	0	0	0	0	0	0
/input/pagecontent/autres_ressources.md	155	-	-	-	0	0	0	0	0	0	0	0	0	0	0	0	0	0	0	0	0	0	0	0	0	0	0	0	0
/input/pagecontent/spec-technique-intro.md	82	-	-	-	0	0	0	0	0	0	0	0	0	0	0	0	0	0	0	0	0	0	0	0	0	0	0	0	0
/input/pagecontent/index.md	3150	-	-	-	0	0	0	0	0	0	0	0	0	0	0	0	0	0	0	0	0	0	1	0	0	0	0	0	0
/input/pagecontent/spec-fonctionnelle-intro.md	82	-	-	-	0	0	0	0	0	0	0	0	0	0	0	0	0	0	0	0	0	0	0	0	0	0	0	0	0
/input/pagecontent/spec-technique-vue-ensemble.md	96	-	-	-	0	0	0	0	0	0	0	0	0	0	0	0	0	0	0	0	0	0	0	0	0	0	0	0	0
/input/pagecontent/spec-technique-flux-alimentation.md	99	-	-	-	0	0	0	0	0	0	0	0	0	0	0	0	0	0	0	0	0	0	0	0	0	0	0	0	0
/input/pagecontent/change-log.md	330	-	-	-	0	0	0	0	0	0	0	0	0	0	0	0	0	0	0	0	0	0	0	0	0	0	0	0	0
/input/pagecontent/annexe-downloads.md	1727	-	-	-	0	0	0	0	0	0	0	0	0	0	0	0	0	0	0	0	0	0	1	0	0	0	0	0	0
/input/pagecontent/spec-fonctionnelle-alimentation.md	61	-	-	-	0	0	0	0	0	0	0	0	0	0	0	0	0	0	0	0	0	0	0	0	0	0	0	0	0
/input/pagecontent/spec-technique-flux-consommation.md	101	-	-	-	0	0	0	0	0	0	0	0	0	0	0	0	0	0	0	0	0	0	0	0	0	0	0	0	0
/input/pagecontent/annexe-securite.md	900	-	-	-	0	0	0	0	0	0	0	0	0	0	0	0	0	0	0	0	0	0	0	0	0	0	0	0	0
/template/config	0	-	-	-	0	0	0	0	0	0	0	0	0	0	0	0	0	0	0	0	0	0	0	0	0	0	0	0	0
/template/config/_config.yml	140	-	-	-	0	0	0	0	0	0	0	0	0	0	0	0	0	0	0	0	0	0	0	0	0	0	0	0	0
/input/images	0	-	-	-	0	0	0	0	0	0	0	0	0	0	0	0	0	0	0	0	0	0	0	0	0	0	0	0	0
/input/images/ci-sis-logo.png	61365	-	-	-	0	0	0	0	0	0	0	0	0	0	0	0	0	0	0	0	0	0	0	0	0	0	0	0	0
/input/images/anImage.png	36288	-	-	-	0	0	0	0	0	0	0	0	0	0	0	0	0	0	0	0	0	0	1	0	0	0	0	0	0
/temp/pages/_includes/artifacts.xml	33350	-	-	-	-	-	-	-	-	-	-	-	-	-	-	-	-	-	-	-	-	-	1	0	0	0	0	0	0
